<?xml version="1.0" encoding="UTF-8"?>
<rss version="2.0" xmlns:ror="http://rorweb.com/0.1/" >
<channel>
  <title>ROR Sitemap for https://innovatehighschool.github.io/</title>
  <link>https://innovatehighschool.github.io/</link>

<item>
     <link>https://innovatehighschool.github.io/</link>
     <title>Innovate High School</title>
     <description> Innovate High School offers a project-based program that provides research and experimental opportunities to students who have great IDEAS and a desire to turn their interests into their own learning experience</description>
     <ror:updatePeriod></ror:updatePeriod>
     <ror:sortOrder>0</ror:sortOrder>
     <ror:resourceOf>sitemap</ror:resourceOf>
</item>
<item>
     <link>https://innovatehighschool.github.io/index.html</link>
     <title>Innovate High School</title>
     <description> Innovate High School offers a project-based program that provides research and experimental opportunities to students who have great IDEAS and a desire to turn their interests into their own learning experience</description>
     <ror:updatePeriod></ror:updatePeriod>
     <ror:sortOrder>1</ror:sortOrder>
     <ror:resourceOf>sitemap</ror:resourceOf>
</item>
<item>
     <link>https://innovatehighschool.github.io/calendar.html</link>
     <title>Innovate High School</title>
     <description> Innovate High School offers a project-based program that provides research and experimental opportunities to students who have great IDEAS and a desire to turn their interests into their own learning experience</description>
     <ror:updatePeriod></ror:updatePeriod>
     <ror:sortOrder>1</ror:sortOrder>
     <ror:resourceOf>sitemap</ror:resourceOf>
</item>
<item>
     <link>https://innovatehighschool.github.io/about.html</link>
     <title>Innovate High School</title>
     <description> Innovate High School offers a project-based program that provides research and experimental opportunities to students who have great IDEAS and a desire to turn their interests into their own learning experience</description>
     <ror:updatePeriod></ror:updatePeriod>
     <ror:sortOrder>1</ror:sortOrder>
     <ror:resourceOf>sitemap</ror:resourceOf>
</item>
<item>
     <link>https://innovatehighschool.github.io/media.html</link>
     <title>Innovate High School</title>
     <description> Innovate High School offers a project-based program that provides research and experimental opportunities to students who have great IDEAS and a desire to turn their interests into their own learning experience</description>
     <ror:updatePeriod></ror:updatePeriod>
     <ror:sortOrder>1</ror:sortOrder>
     <ror:resourceOf>sitemap</ror:resourceOf>
</item>
<item>
     <link>https://innovatehighschool.github.io/awards.html</link>
     <title>Innovate High School</title>
     <description> Innovate High School offers a project-based program that provides research and experimental opportunities to students who have great IDEAS and a desire to turn their interests into their own learning experience</description>
     <ror:updatePeriod></ror:updatePeriod>
     <ror:sortOrder>1</ror:sortOrder>
     <ror:resourceOf>sitemap</ror:resourceOf>
</item>
<item>
     <link>https://innovatehighschool.github.io/sponsors.html</link>
     <title>Innovate High School</title>
     <description> Innovate High School offers a project-based program that provides research and experimental opportunities to students who have great IDEAS and a desire to turn their interests into their own learning experience</description>
     <ror:updatePeriod></ror:updatePeriod>
     <ror:sortOrder>1</ror:sortOrder>
     <ror:resourceOf>sitemap</ror:resourceOf>
</item>
</channel>
</rss>
  