<?xml version="1.0" encoding="utf-8"?>
<!--Created using XmlSitemapGenerator.org - Free HTML, RSS and XML sitemap generator-->
<rss version="2.0">
  <channel>
    <title>INNOVATE</title>
    <link>https://innovatehighschool.github.io/</link>
    <description />
    <item>
      <guid>https://innovatehighschool.github.io/</guid>
      <title>INNOVATE</title>
      <link>https://innovatehighschool.github.io/</link>
      <description> Innovate High School offers a project-based program that provides research and experimental opportunities to students who have great IDEAS and a desire to turn their interests into their own learning experience</description>
    </item>
    <item>
      <guid>https://innovatehighschool.github.io/student.html</guid>
      <title>Innovate High School - Student Citizen</title>
      <link>https://innovatehighschool.github.io/student.html</link>
      <description> Innovate High School offers a project-based program that provides research and experimental opportunities to students who have great IDEAS and a desire to turn their interests into their own learning experience</description>
    </item>
    <item>
      <guid>https://innovatehighschool.github.io/registration.html</guid>
      <title>Innovate High School - Registration</title>
      <link>https://innovatehighschool.github.io/registration.html</link>
      <description> Innovate High School offers a project-based program that provides research and experimental opportunities to students who have great IDEAS and a desire to turn their interests into their own learning experience</description>
    </item>
    <item>
      <guid>https://innovatehighschool.github.io/resources.html</guid>
      <title>Innovate High School - Resources</title>
      <link>https://innovatehighschool.github.io/resources.html</link>
      <description> Innovate High School offers a project-based program that provides research and experimental opportunities to students who have great IDEAS and a desire to turn their interests into their own learning experience</description>
    </item>
    <item>
      <guid>https://innovatehighschool.github.io/sponsors.html</guid>
      <title>Sponsors &amp; Partnerships</title>
      <link>https://innovatehighschool.github.io/sponsors.html</link>
      <description> Innovate High School offers a project-based program that provides research and experimental opportunities to students who have great IDEAS and a desire to turn their interests into their own learning experience</description>
    </item>
    <item>
      <guid>https://innovatehighschool.github.io/funding.html</guid>
      <title>Innovate High School - Funding</title>
      <link>https://innovatehighschool.github.io/funding.html</link>
      <description> Innovate High School offers a project-based program that provides research and experimental opportunities to students who have great IDEAS and a desire to turn their interests into their own learning experience</description>
    </item>
    <item>
      <guid>https://innovatehighschool.github.io/projects.html</guid>
      <title>Innovate High School - Projects</title>
      <link>https://innovatehighschool.github.io/projects.html</link>
      <description> Innovate High School offers a project-based program that provides research and experimental opportunities to students who have great IDEAS and a desire to turn their interests into their own learning experience</description>
    </item>
    <item>
      <guid>https://innovatehighschool.github.io/about.html</guid>
      <title>About</title>
      <link>https://innovatehighschool.github.io/about.html</link>
      <description> Innovate High School offers a project-based program that provides research and experimental opportunities to students who have great IDEAS and a desire to turn their interests into their own learning experience</description>
    </item>
    <item>
      <guid>https://innovatehighschool.github.io/media.html</guid>
      <title>Innovate High School - Media</title>
      <link>https://innovatehighschool.github.io/media.html</link>
      <description> Innovate High School offers a project-based program that provides research and experimental opportunities to students who have great IDEAS and a desire to turn their interests into their own learning experience</description>
    </item>
    <item>
      <guid>https://innovatehighschool.github.io/awards.html</guid>
      <title>Awards</title>
      <link>https://innovatehighschool.github.io/awards.html</link>
      <description> Innovate High School offers a project-based program that provides research and experimental opportunities to students who have great IDEAS and a desire to turn their interests into their own learning experience</description>
    </item>
    <item>
      <guid>https://innovatehighschool.github.io/index.html</guid>
      <title>INNOVATE</title>
      <link>https://innovatehighschool.github.io/index.html</link>
      <description> Innovate High School offers a project-based program that provides research and experimental opportunities to students who have great IDEAS and a desire to turn their interests into their own learning experience</description>
    </item>
    <item>
      <guid>https://innovatehighschool.github.io/contact.html</guid>
      <title>Innovate High School - Contact</title>
      <link>https://innovatehighschool.github.io/contact.html</link>
      <description> Innovate High School offers a project-based program that provides research and experimental opportunities to students who have great IDEAS and a desire to turn their interests into their own learning experience</description>
    </item>
    <item>
      <guid>https://innovatehighschool.github.io/calendar.html</guid>
      <title>Innovate High School - Calendar</title>
      <link>https://innovatehighschool.github.io/calendar.html</link>
      <description> Innovate High School offers a project-based program that provides research and experimental opportunities to students who have great IDEAS and a desire to turn their interests into their own learning experience</description>
    </item>
  </channel>
</rss>
<!--<guid value="e4d737f9-be64-4390-9ec0-3feb97ba044a" />-->
<!--Created using XmlSitemapGenerator.org - Free HTML, RSS and XML sitemap generator-->